{
    "timestamp": "20250530_143932",
    "expected": {
        "B_MOV": 1,
        "G_MOV": 1,
        "MOV": 5,
        "b_pin": 2,
        "bs_pin": 0,
        "cap_b": 1,
        "cap_s": 0,
        "dual_F": 1,
        "fuse": 1,
        "jumper_cap": 0,
        "r_pin": 0,
        "w_pin": 1,
        "ws_pin": 1
    },
    "expected_not_ok": {
        "B_MOV": 0,
        "G_MOV": 0,
        "MOV": 1,
        "b_pin": 0,
        "bs_pin": 1,
        "cap_b": 1,
        "cap_s": 1,
        "dual_F": 0,
        "fuse": 0,
        "jumper_cap": 1,
        "r_pin": 1,
        "w_pin": 0,
        "ws_pin": 0
    },
    "ok_detected": {
        "B_MOV": 1,
        "G_MOV": 1,
        "MOV": 5,
        "b_pin": 2,
        "bs_pin": 0,
        "cap_b": 1,
        "cap_s": 0,
        "dual_F": 1,
        "fuse": 1,
        "jumper_cap": 0,
        "r_pin": 0,
        "w_pin": 1,
        "ws_pin": 1
    },
    "not_ok_detected": {
        "B_MOV": 0,
        "G_MOV": 0,
        "MOV": 1,
        "b_pin": 0,
        "bs_pin": 1,
        "cap_b": 1,
        "cap_s": 1,
        "dual_F": 0,
        "fuse": 0,
        "jumper_cap": 1,
        "r_pin": 1,
        "w_pin": 0,
        "ws_pin": 0
    }
}